date,open,close,high,low,volume,amount,code,r60,r120,score,atr20,atr_ratio,ma200,regime_tag
2025-01-21,3.726,3.711,3.73,3.694,7439264,2916284005.0,510300,,,,,,,
2025-01-22,3.705,3.675,3.705,3.657,10996807,4270106497.0,510300,,,,,,,
2025-01-23,3.704,3.686,3.747,3.683,10385928,4075002566.0,510300,,,,,,,
2025-01-24,3.678,3.718,3.732,3.672,11436475,4485387449.0,510300,,,,,,,
2025-01-27,3.725,3.696,3.734,3.693,13053850,5123431141.0,510300,,,,,,,
2025-02-05,3.719,3.676,3.723,3.668,7515497,2927530877.0,510300,,,,,,,
2025-02-06,3.673,3.721,3.726,3.67,13886365,5435915349.0,510300,,,,,,,
2025-02-07,3.722,3.777,3.803,3.715,19306314,7669642167.0,510300,,,,,,,
2025-02-10,3.778,3.781,3.789,3.763,12672646,5055466090.0,510300,,,,,,,
2025-02-11,3.786,3.765,3.787,3.752,9990359,3973032663.0,510300,,,,,,,
2025-02-12,3.763,3.803,3.808,3.749,9789537,3903102518.0,510300,,,,,,,
2025-02-13,3.798,3.793,3.823,3.787,11758227,4719508133.0,510300,,,,,,,
2025-02-14,3.789,3.823,3.829,3.786,12924287,5196144834.0,510300,,,,,,,
2025-02-17,3.833,3.83,3.842,3.801,13341020,5380966546.0,510300,,,,,,,
2025-02-18,3.824,3.801,3.847,3.785,12465911,5027787885.0,510300,,,,,,,
2025-02-19,3.794,3.822,3.83,3.789,10190769,4102654822.0,510300,,,,,,,
2025-02-20,3.818,3.81,3.822,3.797,10186035,4094980472.0,510300,,,,,,,
2025-02-21,3.821,3.864,3.869,3.809,14372665,5834090272.0,510300,,,,,,,
2025-02-24,3.859,3.851,3.878,3.83,15385782,6256202737.0,510300,,,,,,,
2025-02-25,3.824,3.81,3.84,3.797,8924900,3596194905.0,510300,,,,,,,
2025-02-26,3.817,3.843,3.844,3.808,13456581,5430499637.0,510300,,,,,,,
2025-02-27,3.845,3.856,3.858,3.817,11285856,4570197712.0,510300,,,,,,,
2025-02-28,3.838,3.783,3.854,3.771,13293340,5343803359.0,510300,,,,,,,
2025-03-03,3.784,3.77,3.816,3.755,11457686,4581300848.0,510300,,,,,,,
2025-03-04,3.749,3.766,3.773,3.741,10121848,4019370464.0,510300,,,,,,,
2025-03-05,3.769,3.783,3.788,3.757,11919016,4748819507.0,510300,,,,,,,
2025-03-06,3.804,3.838,3.851,3.8,13710079,5540793752.0,510300,,,,,,,
2025-03-07,3.829,3.828,3.85,3.819,11559971,4671741021.0,510300,,,,,,,
2025-03-10,3.826,3.812,3.831,3.788,14427837,5792520821.0,510300,,,,,,,
2025-03-11,3.783,3.824,3.825,3.779,10029170,4027510341.0,510300,,,,,,,
2025-03-12,3.827,3.814,3.839,3.807,6092317,2456951615.0,510300,,,,,,,
2025-03-13,3.813,3.794,3.822,3.782,6410438,2572874364.0,510300,,,,,,,
2025-03-14,3.801,3.895,3.902,3.799,19037183,7767222868.0,510300,,,,,,,
2025-03-17,3.907,3.883,3.912,3.877,11330420,4647468370.0,510300,,,,,,,
2025-03-18,3.897,3.892,3.904,3.88,8114043,3329371908.0,510300,,,,,,,
2025-03-19,3.887,3.898,3.91,3.873,8798313,3609853058.0,510300,,,,,,,
2025-03-20,3.898,3.865,3.898,3.857,8751426,3573521339.0,510300,,,,,,,
2025-03-21,3.852,3.799,3.868,3.789,10149157,4092584085.0,510300,,,,,,,
2025-03-24,3.798,3.816,3.82,3.793,7912221,3179823658.0,510300,,,,,,,
2025-03-25,3.817,3.818,3.828,3.806,6115316,2463223975.0,510300,,,,,,,
2025-03-26,3.814,3.802,3.829,3.799,7742554,3114333330.0,510300,,,,,,,
2025-03-27,3.8,3.816,3.839,3.784,8015252,3224972886.0,510300,,,,,,,
2025-03-28,3.816,3.797,3.818,3.789,7043048,2826192921.0,510300,,,,,,,
2025-03-31,3.793,3.773,3.813,3.758,9021729,3600807135.0,510300,,,,,,,
2025-04-01,3.777,3.771,3.792,3.768,6150155,2452333015.0,510300,,,,,,,
2025-04-02,3.772,3.768,3.785,3.76,6291176,2505793835.0,510300,,,,,,,
2025-04-03,3.737,3.748,3.769,3.732,11143308,4411676416.0,510300,,,,,,,
2025-04-07,3.589,3.484,3.629,3.393,65609880,24314516116.0,510300,,,,,,,
2025-04-08,3.487,3.519,3.528,3.46,58535333,21668647143.0,510300,,,,,,,
2025-04-09,3.484,3.555,3.563,3.467,16982014,6334479041.0,510300,,,,,,,
2025-04-10,3.606,3.618,3.636,3.587,14296317,5465041115.0,510300,,,,,,,
2025-04-11,3.599,3.629,3.64,3.589,8619842,3298517131.0,510300,,,,,,,
2025-04-14,3.648,3.637,3.654,3.631,9415710,3627429751.0,510300,,,,,,,
2025-04-15,3.633,3.64,3.646,3.614,9817935,3773853446.0,510300,,,,,,,
2025-04-16,3.63,3.649,3.658,3.6,21771337,8373466072.0,510300,,,,,,,
2025-04-17,3.631,3.652,3.66,3.63,13873406,5357723628.0,510300,,,,,,,
2025-04-18,3.646,3.662,3.668,3.636,13780507,5327127532.0,510300,,,,,,,
2025-04-21,3.654,3.664,3.675,3.646,7126315,2762708291.0,510300,,,,,,,
2025-04-22,3.664,3.667,3.682,3.662,7520436,2919236921.0,510300,,,,,,,
2025-04-23,3.681,3.671,3.696,3.662,6155041,2391310228.0,510300,,,,,,,
2025-04-24,3.671,3.671,3.692,3.66,4873615,1894334207.0,510300,,,,,,,
2025-04-25,3.676,3.671,3.688,3.664,5771935,2243036186.0,510300,,,,,,,
2025-04-28,3.672,3.665,3.675,3.653,6247090,2421364302.0,510300,,,,,,,
2025-04-29,3.663,3.658,3.669,3.651,4947350,1914265261.0,510300,,,,,,,
2025-04-30,3.659,3.655,3.675,3.653,5004537,1937487287.0,510300,,,,,,,
2025-05-06,3.675,3.692,3.695,3.669,7178253,2795762534.0,510300,,,,,,,
2025-05-07,3.739,3.716,3.751,3.699,10470812,4110994908.0,510300,,,,,,,
2025-05-08,3.707,3.739,3.755,3.707,7820057,3087094214.0,510300,,,,,,,
2025-05-09,3.735,3.734,3.739,3.721,6933748,2734071470.0,510300,,,,,,,
2025-05-12,3.752,3.779,3.781,3.746,8365002,3327197559.0,510300,,,,,,,
2025-05-13,3.8,3.783,3.801,3.777,7934009,3170416334.0,510300,,,,,,,
2025-05-14,3.784,3.834,3.855,3.781,12147902,4893477242.0,510300,,,,,,,
2025-05-15,3.827,3.8,3.83,3.793,8177224,3287897242.0,510300,,,,,,,
2025-05-16,3.791,3.778,3.798,3.766,7302837,2913902471.0,510300,,,,,,,
2025-05-19,3.773,3.772,3.777,3.754,5562981,2212057936.0,510300,,,,,,,
2025-05-20,3.773,3.792,3.805,3.769,5499875,2198868086.0,510300,,,,,,,
2025-05-21,3.793,3.808,3.82,3.792,5606031,2253851046.0,510300,,,,,,,
2025-05-22,3.807,3.806,3.816,3.792,4919320,1975447858.0,510300,,,,,,,
2025-05-23,3.801,3.777,3.828,3.776,8450891,3391996057.0,510300,,,,,,,
2025-05-26,3.771,3.756,3.782,3.745,7404857,2939168237.0,510300,,,,,,,
2025-05-27,3.754,3.735,3.758,3.728,5782884,2285272068.0,510300,,,,,,,
2025-05-28,3.736,3.731,3.745,3.727,5399202,2130111536.0,510300,,,,,,,
2025-05-29,3.734,3.755,3.768,3.728,8910394,3531865335.0,510300,,,,,,,
2025-05-30,3.748,3.748,3.753,3.721,7370307,2910576351.0,510300,,,,,,,
2025-06-03,3.735,3.746,3.761,3.731,5967868,2361902723.0,510300,,,,,,,
2025-06-04,3.748,3.763,3.774,3.747,4645434,1846404388.0,510300,,,,,,,
2025-06-05,3.767,3.773,3.783,3.756,5319657,2116243913.0,510300,,,,,,,
2025-06-06,3.776,3.775,3.788,3.767,4888808,1948178948.0,510300,,,,,,,
2025-06-09,3.778,3.784,3.799,3.773,5810982,2322756628.0,510300,,,,,,,
2025-06-10,3.786,3.761,3.794,3.747,7710518,3069054930.0,510300,,,,,,,
2025-06-11,3.763,3.793,3.813,3.763,11035095,4422015632.0,510300,,,,,,,
2025-06-12,3.787,3.795,3.802,3.769,6900872,2758909222.0,510300,,,,,,,
2025-06-13,3.787,3.769,3.791,3.756,6980168,2779843230.0,510300,,,,,,,
2025-06-16,3.763,3.779,3.783,3.76,6493267,2586770171.0,510300,,,,,,,
2025-06-17,3.78,3.778,3.786,3.763,4828913,1925078391.0,510300,,,,,,,
2025-06-18,3.78,3.781,3.787,3.759,4808034,1874167101.0,510300,,,,,,,
2025-06-19,3.775,3.75,3.776,3.74,6007886,2331339243.0,510300,,,,,,,
2025-06-20,3.749,3.755,3.765,3.748,4230441,1641824026.0,510300,,,,,,,
2025-06-23,3.746,3.768,3.779,3.739,7492447,2908735828.0,510300,,,,,,,
2025-06-24,3.773,3.813,3.827,3.773,12245549,4815432117.0,510300,,,,,,,
2025-06-25,3.816,3.878,3.88,3.812,17241161,6841352725.0,510300,,,,,,,
2025-06-26,3.872,3.863,3.881,3.862,9379679,3745893284.0,510300,,,,,,,
2025-06-27,3.867,3.84,3.89,3.835,10696914,4258505726.0,510300,,,,,,,
2025-06-30,3.838,3.859,3.862,3.833,10819590,4300171928.0,510300,,,,,,,
2025-07-01,3.857,3.865,3.869,3.846,6406861,2551468709.0,510300,,,,,,,
2025-07-02,3.862,3.869,3.876,3.852,5188835,2069608324.0,510300,,,,,,,
2025-07-03,3.871,3.892,3.897,3.868,6863819,2748927253.0,510300,,,,,,,
2025-07-04,3.888,3.909,3.942,3.881,10525621,4241383565.0,510300,,,,,,,
2025-07-07,3.903,3.891,3.909,3.882,4022514,1614976763.0,510300,,,,,,,
2025-07-08,3.893,3.925,3.933,3.89,6122487,2473798113.0,510300,,,,,,,
2025-07-09,3.925,3.922,3.946,3.917,6476608,2626402688.0,510300,,,,,,,
2025-07-10,3.922,3.942,3.967,3.921,6323877,2569715942.0,510300,,,,,,,
2025-07-11,3.943,3.956,4.007,3.942,12648551,5184103110.0,510300,,,,,,,
2025-07-14,3.955,3.955,3.971,3.953,8205479,3351107668.0,510300,,,,,,,
2025-07-15,3.959,3.955,3.981,3.93,8074813,3292797650.0,510300,,,,,,,
2025-07-16,3.956,3.946,3.97,3.933,4791819,1951853024.0,510300,,,,,,,
2025-07-17,3.946,3.979,3.98,3.945,5978225,2443096232.0,510300,,,,,,,
2025-07-18,3.985,4.009,4.013,3.982,7131296,2940955208.0,510300,,,,,,,
2025-07-21,4.014,4.034,4.037,4.011,7674613,3184284274.0,510300,,,,,,,
2025-07-22,4.036,4.078,4.08,4.019,10821091,4516788944.0,510300,,,,,,,
2025-07-23,4.081,4.076,4.111,4.065,9947315,4188253000.0,510300,,,,,,,
2025-07-24,4.072,4.102,4.105,4.067,8852360,3729028292.0,510300,,,,,,,
2025-07-25,4.102,4.08,4.102,4.07,8200860,3452281674.0,510300,,,,,,,
2025-07-28,4.08,4.091,4.1,4.063,6027713,2535151857.0,510300,,,,,,,
2025-07-29,4.085,4.112,4.113,4.069,8059786,3395606595.0,510300,,,,,,,
2025-07-30,4.104,4.109,4.142,4.084,9502522,4023783503.0,510300,,,,,,,
2025-07-31,4.098,4.032,4.098,4.019,11229126,4687659264.0,510300,,,,,,,
2025-08-01,4.025,4.01,4.039,3.995,6115671,2531113831.0,510300,,,,,,,
2025-08-04,3.999,4.029,4.031,3.994,4355672,1801388564.0,510300,,,,,,,
2025-08-05,4.031,4.06,4.062,4.028,5480681,2282989180.0,510300,,,,,,,
2025-08-06,4.058,4.071,4.076,4.053,4089449,1713095761.0,510300,,,,,,,
2025-08-07,4.073,4.07,4.087,4.048,5339656,2236786690.0,510300,,,,,,,
2025-08-08,4.065,4.06,4.078,4.052,4230624,1771777749.0,510300,,,,,,,
2025-08-11,4.06,4.079,4.095,4.06,6881519,2891923703.0,510300,,,,,,,
2025-08-12,4.077,4.105,4.114,4.077,4824872,2036818306.0,510300,,,,,,,
2025-08-13,4.111,4.14,4.149,4.106,7588408,3227703467.0,510300,,,,,,,
2025-08-14,4.142,4.133,4.18,4.125,8879344,3797429985.0,510300,,,,,,,
2025-08-15,4.119,4.172,4.179,4.117,10718339,4584387161.0,510300,,,,,,,
2025-08-18,4.175,4.204,4.237,4.162,10092475,4362087157.0,510300,,,,,,,
2025-08-19,4.203,4.182,4.224,4.174,7743324,3347920291.0,510300,,,,,,,
2025-08-20,4.172,4.241,4.242,4.144,13784166,5938089045.0,510300,,,,,,,
2025-08-21,4.245,4.255,4.271,4.235,9130025,3997377735.0,510300,,,,,,,
2025-08-22,4.252,4.356,4.361,4.251,13602634,6031204221.0,510300,,,,,,,
2025-08-25,4.378,4.442,4.449,4.374,14560918,6599627199.0,510300,,,,,,,
2025-08-26,4.431,4.418,4.449,4.404,11142941,5068845227.0,510300,,,,,,,
2025-08-27,4.418,4.352,4.462,4.35,14126904,6408311259.0,510300,,,,,,,
2025-08-28,4.346,4.436,4.438,4.329,12764157,5746035433.0,510300,,,,,,,
2025-08-29,4.427,4.478,4.49,4.417,13550574,6208498370.0,510300,,,,,,,
2025-09-01,4.484,4.493,4.501,4.457,11939867,5495420182.0,510300,,,,,,,
2025-09-02,4.49,4.467,4.52,4.427,10344122,4755250317.0,510300,,,,,,,
2025-09-03,4.469,4.426,4.486,4.397,9188625,4187703184.0,510300,,,,,,,
2025-09-04,4.423,4.333,4.432,4.293,14208228,6352441030.0,510300,,,,,,,
2025-09-05,4.327,4.431,4.44,4.319,10603325,4780253830.0,510300,,,,,,,
2025-09-08,4.431,4.432,4.45,4.401,10340220,4701185135.0,510300,,,,,,,
2025-09-09,4.422,4.405,4.441,4.379,6803545,3084847254.0,510300,,,,,,,
2025-09-10,4.403,4.415,4.439,4.384,6086583,2761984289.0,510300,,,,,,,
2025-09-11,4.404,4.537,4.539,4.394,9783418,4504295390.0,510300,,,,,,,
2025-09-12,4.539,4.498,4.541,4.492,9158580,4251540392.0,510300,,,,,,,
2025-09-15,4.499,4.506,4.539,4.491,7211915,3346337207.0,510300,,,,,,,
2025-09-16,4.509,4.497,4.529,4.468,7889034,3642646550.0,510300,,,,,,,
2025-09-17,4.492,4.53,4.536,4.476,7154079,3315621289.0,510300,,,,,,,
2025-09-18,4.532,4.471,4.553,4.431,11873727,5488692045.0,510300,,,,,,,
2025-09-19,4.467,4.481,4.51,4.464,7316138,3369611818.0,510300,,,,,,,
2025-09-22,4.481,4.496,4.498,4.459,6292766,2896946428.0,510300,,,,,,,
2025-09-23,4.504,4.499,4.533,4.435,10550001,4859849641.0,510300,,,,,,,
2025-09-24,4.474,4.54,4.541,4.473,10044859,4656117026.0,510300,,,,,,,
2025-09-25,4.54,4.572,4.595,4.534,7713362,3614405601.0,510300,,,,,,,
2025-09-26,4.554,4.528,4.576,4.527,7153059,3344592886.0,510300,,,,,,,
2025-09-29,4.525,4.605,4.632,4.517,11954365,5620190347.0,510300,,,,,,,
2025-09-30,4.611,4.618,4.627,4.597,7403809,3508639995.0,510300,,,,,,,
2025-10-09,4.631,4.693,4.713,4.627,8970906,4308933449.0,510300,,,,,,,
2025-10-10,4.664,4.596,4.671,4.581,11746426,5581932563.0,510300,,,,,,,
2025-10-13,4.475,4.569,4.581,4.473,9658362,4499844601.0,510300,,,,,,,
2025-10-14,4.602,4.522,4.617,4.497,11619095,5445976980.0,510300,,,,,,,
2025-10-15,4.525,4.583,4.592,4.504,9974013,4649845988.0,510300,,,,,,,
2025-10-16,4.566,4.598,4.624,4.566,8124633,3835512324.0,510300,,,,,,,
2025-10-17,4.592,4.501,4.601,4.489,8400582,3909864092.0,510300,,,,,,,
2025-10-20,4.528,4.517,4.555,4.501,7644178,3554256321.0,510300,,,,,,,
2025-10-21,4.533,4.587,4.6,4.529,9598685,4511371971.0,510300,,,,,,,
2025-10-22,4.567,4.572,4.585,4.545,5544842,2601506365.0,510300,,,,,,,
2025-10-23,4.564,4.59,4.596,4.519,6993428,3267824361.0,510300,,,,,,,
2025-10-24,4.605,4.647,4.649,4.604,8653036,4110591097.0,510300,,,,,,,
2025-10-27,4.685,4.703,4.708,4.673,7585249,3652922851.0,510300,,,,,,,
2025-10-28,4.692,4.679,4.727,4.669,7259491,3497088820.0,510300,,,,,,,
2025-10-29,4.687,4.739,4.741,4.687,6792784,3284668925.0,510300,,,,,,,
2025-10-30,4.735,4.7,4.751,4.693,8164619,3955485339.0,510300,,,,,,,
2025-10-31,4.696,4.633,4.703,4.632,14325686,6851751220.0,510300,,,,,,,
2025-11-03,4.629,4.64,4.644,4.582,7759881,3674194550.0,510300,,,,,,,
2025-11-04,4.637,4.606,4.65,4.583,12015243,5708778783.0,510300,,,,,,,
2025-11-05,4.569,4.612,4.628,4.545,7633533,3599158874.0,510300,,,,,,,
2025-11-06,4.619,4.682,4.69,4.619,7326649,3506780405.0,510300,,,,,,,
2025-11-07,4.667,4.672,4.689,4.651,5392556,2584816479.0,510300,,,,,,,
2025-11-10,4.674,4.684,4.688,4.64,4483488,2146884969.0,510300,,,,,,,
2025-11-11,4.691,4.64,4.701,4.634,5651936,2702663134.0,510300,,,,,,,
2025-11-12,4.631,4.642,4.66,4.608,5236907,2491775456.0,510300,,,,,,,
2025-11-13,4.634,4.689,4.692,4.629,6459561,3096198221.0,510300,,,,,,,
2025-11-14,4.662,4.618,4.673,4.616,5936317,2832605947.0,510300,,,,,,,
2025-11-17,4.607,4.587,4.617,4.568,7524669,3545084093.0,510300,,,,,,,
2025-11-18,4.577,4.56,4.594,4.541,8568239,4018390178.0,510300,,,,,,,
2025-11-19,4.555,4.574,4.594,4.555,8569615,4026545623.0,510300,,,,,,,
2025-11-20,4.601,4.553,4.606,4.55,5619395,2644705315.0,510300,,,,,,,
2025-11-21,4.522,4.441,4.531,4.439,14964004,6884359920.0,510300,,,,,,,
2025-11-24,4.456,4.434,4.462,4.41,11557477,5269730484.0,510300,,,,,,,
2025-11-25,4.457,4.474,4.5,4.456,8959406,4120829562.0,510300,,,,,,,
2025-11-26,4.477,4.503,4.523,4.471,9140793,4228349386.0,510300,,,,,,,
2025-11-27,4.506,4.499,4.551,4.495,4793694,2226374836.0,510300,,,,,,,
2025-11-28,4.498,4.512,4.519,4.48,5192341,2403092677.0,510300,,,,,,,
2025-12-01,4.523,4.564,4.565,4.516,5783014,2698559001.0,510300,,,,,,,
2025-12-02,4.563,4.543,4.563,4.528,3834449,1790231961.0,510300,,,,,,,
2025-12-03,4.542,4.522,4.561,4.512,3950348,1840202209.0,510300,,,,,,,
2025-12-04,4.525,4.534,4.548,4.505,4026188,1871831892.0,510300,,,,,,,
2025-12-05,4.533,4.575,4.587,4.52,6872031,3217071412.0,510300,,,,,,,
2025-12-08,4.588,4.609,4.631,4.586,8263438,3908784386.0,510300,,,,,,,
2025-12-09,4.604,4.585,4.616,4.571,7001055,3302885875.0,510300,,,,,,,
2025-12-10,4.577,4.579,4.586,4.535,6207764,2903153594.0,510300,,,,,,,
2025-12-11,4.585,4.545,4.599,4.539,6199443,2910601742.0,510300,,,,,,,
2025-12-12,4.555,4.571,4.579,4.525,8671539,4057237306.0,510300,,,,,,,
2025-12-15,4.551,4.544,4.589,4.427,6917855,3241015143.0,510300,,,,,,,
2025-12-16,4.537,4.497,4.544,4.478,7693550,3559031617.0,510300,,,,,,,
2025-12-17,4.496,4.576,4.592,4.493,10856133,5079203142.0,510300,,,,,,,
2025-12-18,4.56,4.545,4.569,4.538,6780189,3169750209.0,510300,,,,,,,
2025-12-19,4.557,4.565,4.591,4.543,8317889,3901916782.0,510300,,,,,,,
2025-12-22,4.579,4.607,4.612,4.579,8371220,3956863485.0,510300,,,,,,,
2025-12-23,4.612,4.617,4.64,4.603,8083405,3833240598.0,510300,,,,,,,
2025-12-24,4.617,4.634,4.642,4.603,5334294,2531260594.0,510300,,,,,,,
2025-12-25,4.627,4.643,4.654,4.621,4272443,2033628744.0,510300,,,,,,,
2025-12-26,4.643,4.661,4.678,4.632,8160801,3902900785.0,510300,,,,,,,
2025-12-29,4.657,4.64,4.671,4.626,8529050,4069832489.0,510300,,,,,,,
2025-12-30,4.623,4.65,4.667,4.619,4772242,2275508778.0,510300,,,,,,,
2025-12-31,4.654,4.63,4.666,4.619,6668292,3175879377.0,510300,,,,,,,
2026-01-05,4.66,4.721,4.725,4.657,10171325,4902061805.0,510300,,,,,,,
2026-01-06,4.727,4.796,4.797,4.725,10523015,5141603633.0,510300,,,,,,,
2026-01-07,4.797,4.778,4.804,4.753,9334026,4578481053.0,510300,,,,,,,
2026-01-08,4.765,4.74,4.771,4.72,6827198,3324674355.0,510300,,,,,,,
2026-01-09,4.734,4.762,4.78,4.721,11348553,5535581862.0,510300,,,,,,,
2026-01-12,4.77,4.79,4.806,4.738,13330753,6529675045.0,510300,,,,,,,
2026-01-13,4.799,4.773,4.842,4.753,12717832,6249488306.0,510300,,,,,,,
2026-01-14,4.773,4.743,4.826,4.718,21367223,10465332592.0,510300,,,,,,,
2026-01-15,4.726,4.752,4.771,4.72,52171489,25390672681.0,510300,,,,,,,
2026-01-16,4.782,4.736,4.796,4.715,53201665,25922582412.0,510300,,,,,,,
2026-01-19,4.737,4.738,4.769,4.718,29134399,13792576409.0,510300,,,,,,,
2026-01-20,4.735,4.724,4.751,4.688,28867656,13613769428.0,510300,,,,,,,
2026-01-21,4.709,4.73,4.764,4.709,49039740,23207895509.0,510300,,,,,,,
2026-01-22,4.741,4.727,4.76,4.703,43163442,20376067887.0,510300,,,,,,,
2026-01-23,4.732,4.704,4.742,4.687,67693781,31834663643.0,510300,,,,,,,
2026-01-26,4.712,4.712,4.76,4.694,59398529,28002364939.0,510300,,,,,,,
2026-01-27,4.712,4.71,4.742,4.679,43391350,20450057577.0,510300,,,,,,,
2026-01-28,4.725,4.725,4.743,4.704,84977823,40100175381.0,510300,,,,,,,
2026-01-29,4.724,4.768,4.779,4.704,35456647,16773879626.0,510300,,,,,,,
2026-01-30,4.736,4.711,4.758,4.642,16702748,7860479504.0,510300,,,,,,,
2026-02-02,4.68,4.6,4.719,4.591,26511344,12299263716.0,510300,,,,,,,
2026-02-03,4.64,4.664,4.668,4.585,10529446,4881749326.0,510300,,,,,,,
2026-02-04,4.652,4.707,4.709,4.643,10525059,4914865553.0,510300,,,,,,,
2026-02-05,4.68,4.679,4.695,4.645,9339829,4364498239.0,510300,,,,,,,
2026-02-06,4.643,4.649,4.691,4.61,8816737,4106577054.0,510300,,,,,,,
2026-02-09,4.695,4.727,4.73,4.686,7011195,3304026961.0,510300,,,,,,,
2026-02-10,4.733,4.733,4.739,4.72,6804617,3219183511.0,510300,,,,,,,
2026-02-11,4.727,4.723,4.732,4.714,3720787,1757895647.0,510300,,,,,,,
2026-02-12,4.729,4.727,4.735,4.716,3980124,1881073591.0,510300,,,,,,,
2026-02-13,4.714,4.671,4.714,4.667,13673572,6405790170.0,510300,,,,,,,
2025-01-21,2.91,2.884,2.912,2.874,2176115,659378954.0,510880,,,,,,,
2025-01-22,2.884,2.86,2.884,2.853,1299265,390232798.0,510880,,,,,,,
2025-01-23,2.876,2.909,2.92,2.876,2079323,633230475.0,510880,,,,,,,
2025-01-24,2.902,2.924,2.934,2.888,1768204,540343135.0,510880,,,,,,,
2025-01-27,2.924,2.962,2.971,2.924,1405517,435627010.0,510880,,,,,,,
2025-02-05,2.963,2.9,2.968,2.893,2340959,715366927.0,510880,,,,,,,
2025-02-06,2.898,2.898,2.906,2.877,2522980,764346957.0,510880,,,,,,,
2025-02-07,2.898,2.911,2.918,2.88,2777155,845621577.0,510880,,,,,,,
2025-02-10,2.907,2.904,2.909,2.894,2187059,665773849.0,510880,,,,,,,
2025-02-11,2.904,2.917,2.918,2.902,1797734,549307825.0,510880,,,,,,,
2025-02-12,2.918,2.919,2.921,2.902,1813057,553650356.0,510880,,,,,,,
2025-02-13,2.917,2.922,2.931,2.914,2088613,640334377.0,510880,,,,,,,
2025-02-14,2.921,2.925,2.927,2.908,2255140,689851319.0,510880,,,,,,,
2025-02-17,2.925,2.912,2.928,2.899,1938822,591055793.0,510880,,,,,,,
2025-02-18,2.91,2.91,2.928,2.9,2491054,761812600.0,510880,,,,,,,
2025-02-19,2.905,2.892,2.907,2.887,2235873,678959018.0,510880,,,,,,,
2025-02-20,2.887,2.879,2.89,2.877,1967385,594853971.0,510880,,,,,,,
2025-02-21,2.88,2.857,2.884,2.852,3522056,1058072446.0,510880,,,,,,,
2025-02-24,2.856,2.853,2.859,2.838,2354575,704388238.0,510880,,,,,,,
2025-02-25,2.848,2.832,2.857,2.829,2087774,623072744.0,510880,,,,,,,
2025-02-26,2.832,2.858,2.865,2.832,2076594,622448532.0,510880,,,,,,,
2025-02-27,2.859,2.885,2.885,2.853,1876808,565650501.0,510880,,,,,,,
2025-02-28,2.884,2.867,2.896,2.864,1639657,495345853.0,510880,,,,,,,
2025-03-03,2.867,2.854,2.876,2.853,2051023,615784707.0,510880,,,,,,,
2025-03-04,2.854,2.853,2.859,2.84,974080,291657495.0,510880,,,,,,,
2025-03-05,2.853,2.861,2.861,2.841,1132824,339089688.0,510880,,,,,,,
2025-03-06,2.861,2.855,2.864,2.842,1722878,515598502.0,510880,,,,,,,
2025-03-07,2.853,2.854,2.864,2.849,2246833,673568017.0,510880,,,,,,,
2025-03-10,2.852,2.858,2.859,2.842,1368229,409759286.0,510880,,,,,,,
2025-03-11,2.85,2.879,2.88,2.843,1884860,566783383.0,510880,,,,,,,
2025-03-12,2.879,2.875,2.883,2.868,1020184,307969053.0,510880,,,,,,,
2025-03-13,2.871,2.903,2.904,2.87,2057992,625036125.0,510880,,,,,,,
2025-03-14,2.9,2.925,2.934,2.898,2416241,740449971.0,510880,,,,,,,
2025-03-17,2.926,2.934,2.938,2.92,1363699,419182885.0,510880,,,,,,,
2025-03-18,2.934,2.922,2.936,2.911,1349807,413544469.0,510880,,,,,,,
2025-03-19,2.918,2.923,2.927,2.908,1007445,308412086.0,510880,,,,,,,
2025-03-20,2.923,2.918,2.934,2.915,1911142,585948012.0,510880,,,,,,,
2025-03-21,2.915,2.912,2.937,2.9,1745557,534916071.0,510880,,,,,,,
2025-03-24,2.911,2.935,2.937,2.911,1462197,448782776.0,510880,,,,,,,
2025-03-25,2.93,2.957,2.957,2.929,1690546,522325495.0,510880,,,,,,,
2025-03-26,2.953,2.958,2.96,2.941,1713990,530788815.0,510880,,,,,,,
2025-03-27,2.957,2.956,2.962,2.948,939027,291081985.0,510880,,,,,,,
2025-03-28,2.952,2.939,2.956,2.931,1571929,484495058.0,510880,,,,,,,
2025-03-31,2.936,2.93,2.952,2.924,1507175,464119231.0,510880,,,,,,,
2025-04-01,2.928,2.954,2.955,2.927,1136417,350848542.0,510880,,,,,,,
2025-04-02,2.954,2.969,2.973,2.949,1331272,413946188.0,510880,,,,,,,
2025-04-03,2.955,2.974,2.977,2.946,1451695,451452176.0,510880,,,,,,,
2025-04-07,2.907,2.795,2.91,2.732,4718645,1400235161.0,510880,,,,,,,
2025-04-08,2.796,2.86,2.86,2.795,2981326,888849289.0,510880,,,,,,,
2025-04-09,2.84,2.864,2.869,2.802,2688583,801625258.0,510880,,,,,,,
2025-04-10,2.877,2.895,2.905,2.867,2917030,885372931.0,510880,,,,,,,
2025-04-11,2.887,2.88,2.888,2.87,1207799,365078983.0,510880,,,,,,,
2025-04-14,2.88,2.908,2.912,2.877,1231224,374237437.0,510880,,,,,,,
2025-04-15,2.908,2.923,2.924,2.901,1189906,363495779.0,510880,,,,,,,
2025-04-16,2.92,2.939,2.941,2.913,1474685,452387325.0,510880,,,,,,,
2025-04-17,2.935,2.932,2.935,2.918,810585,248877279.0,510880,,,,,,,
2025-04-18,2.924,2.934,2.937,2.923,831692,255559322.0,510880,,,,,,,
2025-04-21,2.932,2.924,2.951,2.922,978448,301075505.0,510880,,,,,,,
2025-04-22,2.921,2.934,2.939,2.92,1259329,387436756.0,510880,,,,,,,
2025-04-23,2.934,2.918,2.937,2.915,1060247,324950805.0,510880,,,,,,,
2025-04-24,2.917,2.931,2.938,2.912,958976,294733956.0,510880,,,,,,,
2025-04-25,2.929,2.928,2.936,2.921,701000,215152749.0,510880,,,,,,,
2025-04-28,2.927,2.931,2.934,2.917,1183115,363368046.0,510880,,,,,,,
2025-04-29,2.928,2.919,2.933,2.914,799785,245018119.0,510880,,,,,,,
2025-04-30,2.919,2.895,2.919,2.891,1172012,356508256.0,510880,,,,,,,
2025-05-06,2.897,2.887,2.9,2.877,1164457,352428894.0,510880,,,,,,,
2025-05-07,2.9,2.906,2.912,2.893,1687552,513728435.0,510880,,,,,,,
2025-05-08,2.906,2.91,2.916,2.897,899098,274413601.0,510880,,,,,,,
2025-05-09,2.908,2.927,2.931,2.907,1291853,396206112.0,510880,,,,,,,
2025-05-12,2.93,2.94,2.941,2.924,911842,280634398.0,510880,,,,,,,
2025-05-13,2.947,2.962,2.964,2.94,1982102,614150598.0,510880,,,,,,,
2025-05-14,2.958,2.99,2.991,2.952,1970155,614422151.0,510880,,,,,,,
2025-05-15,2.989,2.981,3.002,2.98,1414561,442995927.0,510880,,,,,,,
2025-05-16,2.975,2.963,2.98,2.947,867006,268988030.0,510880,,,,,,,
2025-05-19,2.963,2.974,2.978,2.961,867163,270282355.0,510880,,,,,,,
2025-05-20,2.975,2.978,2.984,2.969,915278,285541297.0,510880,,,,,,,
2025-05-21,2.978,3.007,3.015,2.977,1157079,364002124.0,510880,,,,,,,
2025-05-22,3.004,3.008,3.014,2.994,725603,228471311.0,510880,,,,,,,
2025-05-23,3.009,2.98,3.025,2.979,898870,282705233.0,510880,,,,,,,
2025-05-26,2.976,2.964,2.985,2.959,959427,298445311.0,510880,,,,,,,
2025-05-27,2.962,2.952,2.971,2.944,758188,235010069.0,510880,,,,,,,
2025-05-28,2.952,2.957,2.96,2.943,556996,172392932.0,510880,,,,,,,
2025-05-29,2.957,2.965,2.967,2.954,715069,221997032.0,510880,,,,,,,
2025-05-30,2.961,2.979,2.98,2.961,804824,250818749.0,510880,,,,,,,
2025-06-03,2.975,2.991,2.996,2.96,749225,234014853.0,510880,,,,,,,
2025-06-04,2.992,2.999,2.999,2.981,692411,217069614.0,510880,,,,,,,
2025-06-05,2.997,2.981,3.006,2.973,789064,246694544.0,510880,,,,,,,
2025-06-06,2.981,2.981,2.995,2.977,1110793,347082120.0,510880,,,,,,,
2025-06-09,2.981,2.985,2.986,2.967,754241,235332325.0,510880,,,,,,,
2025-06-10,2.982,2.99,3.005,2.975,1065857,334252841.0,510880,,,,,,,
2025-06-11,2.988,2.999,3.001,2.986,634946,199338142.0,510880,,,,,,,
2025-06-12,2.999,2.997,3.0,2.99,512471,160803595.0,510880,,,,,,,
2025-06-13,2.996,2.982,3.0,2.976,1250913,391104908.0,510880,,,,,,,
2025-06-16,2.978,2.988,2.989,2.974,600817,187725550.0,510880,,,,,,,
2025-06-17,2.988,2.991,2.995,2.983,603621,189105442.0,510880,,,,,,,
2025-06-18,2.989,2.995,2.997,2.979,698710,219000791.0,510880,,,,,,,
2025-06-19,2.994,2.981,2.994,2.975,735191,229796892.0,510880,,,,,,,
2025-06-20,2.981,2.997,3.002,2.981,915665,287317349.0,510880,,,,,,,
2025-06-23,2.993,3.01,3.016,2.975,1115885,350443162.0,510880,,,,,,,
2025-06-24,3.002,3.014,3.017,2.996,1020838,321835872.0,510880,,,,,,,
2025-06-25,3.015,3.03,3.035,3.004,1333556,421989600.0,510880,,,,,,,
2025-06-26,3.027,3.037,3.042,3.022,982767,312154800.0,510880,,,,,,,
2025-06-27,3.036,3.011,3.05,3.004,1278158,404722320.0,510880,,,,,,,
2025-06-30,3.005,3.009,3.012,2.997,1366038,429836144.0,510880,,,,,,,
2025-07-01,3.009,3.032,3.033,3.008,994951,315150085.0,510880,,,,,,,
2025-07-02,3.034,3.056,3.057,3.032,1178854,376313306.0,510880,,,,,,,
2025-07-03,3.054,3.055,3.064,3.045,1087846,348047433.0,510880,,,,,,,
2025-07-04,3.054,3.079,3.09,3.053,1677077,539974042.0,510880,,,,,,,
2025-07-07,3.076,3.092,3.092,3.064,958276,308935440.0,510880,,,,,,,
2025-07-08,3.089,3.086,3.099,3.075,717535,231601535.0,510880,,,,,,,
2025-07-09,3.085,3.102,3.109,3.083,780209,253102861.0,510880,,,,,,,
2025-07-10,3.101,3.128,3.134,3.1,755640,246576780.0,510880,,,,,,,
2025-07-11,3.127,3.107,3.144,3.107,1367765,447220525.0,510880,,,,,,,
2025-07-14,3.104,3.129,3.141,3.103,1085861,355275711.0,510880,,,,,,,
2025-07-15,3.125,3.09,3.129,3.083,1246225,403984389.0,510880,,,,,,,
2025-07-16,3.089,3.078,3.091,3.062,1657373,533075010.0,510880,,,,,,,
2025-07-17,3.076,3.069,3.082,3.061,1089411,349830234.0,510880,,,,,,,
2025-07-18,3.069,3.083,3.085,3.068,806143,259717719.0,510880,,,,,,,
2025-07-21,3.083,3.104,3.105,3.082,1005313,325907446.0,510880,,,,,,,
2025-07-22,3.104,3.157,3.162,3.081,1953370,640154670.0,510880,,,,,,,
2025-07-23,3.171,3.154,3.186,3.151,1544034,511370562.0,510880,,,,,,,
2025-07-24,3.151,3.164,3.165,3.132,1324573,436800288.0,510880,,,,,,,
2025-07-25,3.161,3.15,3.182,3.145,1168355,386062855.0,510880,,,,,,,
2025-07-28,3.139,3.117,3.139,3.107,1424407,464594889.0,510880,,,,,,,
2025-07-29,3.108,3.108,3.116,3.091,1179327,382663718.0,510880,,,,,,,
2025-07-30,3.107,3.119,3.139,3.106,1353640,442289421.0,510880,,,,,,,
2025-07-31,3.108,3.068,3.112,3.053,1990172,638954821.0,510880,,,,,,,
2025-08-01,3.067,3.065,3.079,3.053,880379,282201386.0,510880,,,,,,,
2025-08-04,3.052,3.079,3.081,3.051,884294,284009313.0,510880,,,,,,,
2025-08-05,3.08,3.111,3.113,3.075,870687,282106022.0,510880,,,,,,,
2025-08-06,3.112,3.124,3.127,3.109,1147258,374422005.0,510880,,,,,,,
2025-08-07,3.124,3.136,3.141,3.112,1470667,481477943.0,510880,,,,,,,
2025-08-08,3.132,3.135,3.145,3.127,988075,324005803.0,510880,,,,,,,
2025-08-11,3.134,3.117,3.14,3.114,1613798,526366177.0,510880,,,,,,,
2025-08-12,3.117,3.135,3.149,3.117,1049482,344012480.0,510880,,,,,,,
2025-08-13,3.135,3.115,3.139,3.112,1079083,351994155.0,510880,,,,,,,
2025-08-14,3.115,3.094,3.122,3.091,1092527,354894970.0,510880,,,,,,,
2025-08-15,3.09,3.088,3.09,3.066,1299361,418361746.0,510880,,,,,,,
2025-08-18,3.087,3.08,3.093,3.071,1349691,434845368.0,510880,,,,,,,
2025-08-19,3.078,3.074,3.08,3.069,1032323,332002502.0,510880,,,,,,,
2025-08-20,3.071,3.097,3.098,3.063,1129755,364871739.0,510880,,,,,,,
2025-08-21,3.097,3.113,3.115,3.088,1279082,415674551.0,510880,,,,,,,
2025-08-22,3.115,3.11,3.115,3.083,1692019,547820885.0,510880,,,,,,,
2025-08-25,3.111,3.13,3.131,3.1,1763786,574875219.0,510880,,,,,,,
2025-08-26,3.127,3.118,3.13,3.117,1070616,349638135.0,510880,,,,,,,
2025-08-27,3.115,3.065,3.116,3.062,1908969,616117897.0,510880,,,,,,,
2025-08-28,3.062,3.062,3.071,3.033,2241811,716433418.0,510880,,,,,,,
2025-08-29,3.058,3.046,3.084,3.043,1809807,579134004.0,510880,,,,,,,
2025-09-01,3.045,3.028,3.055,3.021,2129620,676408329.0,510880,,,,,,,
2025-09-02,3.028,3.043,3.044,3.022,1386062,440228971.0,510880,,,,,,,
2025-09-03,3.042,3.01,3.045,3.005,1751306,553425776.0,510880,,,,,,,
2025-09-04,3.006,3.029,3.032,2.979,2045584,643178290.0,510880,,,,,,,
2025-09-05,3.023,3.019,3.024,3.001,1351636,426184701.0,510880,,,,,,,
2025-09-08,3.017,3.025,3.028,3.009,1117115,353563515.0,510880,,,,,,,
2025-09-09,3.025,3.027,3.031,3.012,1026773,325048395.0,510880,,,,,,,
2025-09-10,3.024,3.026,3.029,3.013,865659,274032957.0,510880,,,,,,,
2025-09-11,3.024,3.031,3.031,3.007,1754925,554593269.0,510880,,,,,,,
2025-09-12,3.028,3.016,3.035,3.011,1360004,430411442.0,510880,,,,,,,
2025-09-15,3.013,2.999,3.013,2.992,1633607,513234756.0,510880,,,,,,,
2025-09-16,3.002,2.992,3.016,2.988,1152566,361916019.0,510880,,,,,,,
2025-09-17,2.991,3.006,3.01,2.982,1556716,489338053.0,510880,,,,,,,
2025-09-18,3.007,2.953,3.007,2.939,3433799,1068605314.0,510880,,,,,,,
2025-09-19,2.953,2.97,2.971,2.934,2549076,789274234.0,510880,,,,,,,
2025-09-22,2.969,2.944,2.97,2.937,1405483,434515263.0,510880,,,,,,,
2025-09-23,2.944,2.962,2.964,2.927,2266503,701061686.0,510880,,,,,,,
2025-09-24,2.957,2.968,2.979,2.95,1472298,457454869.0,510880,,,,,,,
2025-09-25,2.963,2.954,2.965,2.94,1327719,410443852.0,510880,,,,,,,
2025-09-26,2.952,2.955,2.961,2.937,1374953,425490676.0,510880,,,,,,,
2025-09-29,2.948,2.95,2.962,2.929,2148054,662483851.0,510880,,,,,,,
2025-09-30,2.948,2.939,2.949,2.93,1154267,355382758.0,510880,,,,,,,
2025-10-09,2.939,2.96,2.96,2.925,1929474,594695149.0,510880,,,,,,,
2025-10-10,2.957,2.993,2.998,2.948,2659473,832048253.0,510880,,,,,,,
2025-10-13,2.982,2.997,3.002,2.951,2384906,743812669.0,510880,,,,,,,
2025-10-14,2.996,3.061,3.062,2.983,4742432,1507596097.0,510880,,,,,,,
2025-10-15,3.06,3.064,3.072,3.044,2384312,763943699.0,510880,,,,,,,
2025-10-16,3.058,3.096,3.101,3.054,2420802,781310136.0,510880,,,,,,,
2025-10-17,3.096,3.086,3.125,3.081,2439190,792139562.0,510880,,,,,,,
2025-10-20,3.086,3.113,3.115,3.057,2526386,816254793.0,510880,,,,,,,
2025-10-21,3.1,3.105,3.11,3.085,1603584,519618096.0,510880,,,,,,,
2025-10-22,3.098,3.11,3.113,3.095,1177322,382621933.0,510880,,,,,,,
2025-10-23,3.105,3.135,3.14,3.105,2259497,739691906.0,510880,,,,,,,
2025-10-24,3.122,3.116,3.13,3.111,1955657,637760802.0,510880,,,,,,,
2025-10-27,3.11,3.129,3.143,3.092,1816023,592349598.0,510880,,,,,,,
2025-10-28,3.125,3.124,3.136,3.11,1229884,401591094.0,510880,,,,,,,
2025-10-29,3.122,3.106,3.122,3.087,1712947,555620855.0,510880,,,,,,,
2025-10-30,3.102,3.105,3.128,3.099,1148432,373835004.0,510880,,,,,,,
2025-10-31,3.104,3.097,3.105,3.082,1144085,370000179.0,510880,,,,,,,
2025-11-03,3.097,3.14,3.142,3.096,1916338,626811594.0,510880,,,,,,,
2025-11-04,3.14,3.17,3.184,3.137,2230019,737846054.0,510880,,,,,,,
2025-11-05,3.163,3.179,3.189,3.149,1289430,427582154.0,510880,,,,,,,
2025-11-06,3.172,3.183,3.192,3.159,943283,313556933.0,510880,,,,,,,
2025-11-07,3.183,3.188,3.207,3.182,758414,252940407.0,510880,,,,,,,
2025-11-10,3.185,3.213,3.215,3.174,950779,318181716.0,510880,,,,,,,
2025-11-11,3.211,3.204,3.211,3.184,919180,307055315.0,510880,,,,,,,
2025-11-12,3.202,3.217,3.232,3.202,1093402,367505154.0,510880,,,,,,,
2025-11-13,3.209,3.218,3.225,3.193,1030800,345429308.0,510880,,,,,,,
2025-11-14,3.213,3.205,3.238,3.203,992268,333939431.0,510880,,,,,,,
2025-11-17,3.205,3.186,3.205,3.168,1345215,447738536.0,510880,,,,,,,
2025-11-18,3.181,3.141,3.184,3.13,1786816,588238947.0,510880,,,,,,,
2025-11-19,3.14,3.157,3.165,3.139,1057952,348660939.0,510880,,,,,,,
2025-11-20,3.156,3.157,3.19,3.152,1026511,339974086.0,510880,,,,,,,
2025-11-21,3.147,3.112,3.157,3.107,2039587,666227783.0,510880,,,,,,,
2025-11-24,3.11,3.084,3.122,3.084,1711804,553967594.0,510880,,,,,,,
2025-11-25,3.083,3.1,3.103,3.077,1299588,420361711.0,510880,,,,,,,
2025-11-26,3.097,3.083,3.109,3.08,1472229,475840020.0,510880,,,,,,,
2025-11-27,3.083,3.087,3.096,3.065,1243189,401048374.0,510880,,,,,,,
2025-11-28,3.087,3.087,3.089,3.072,899713,290065589.0,510880,,,,,,,
2025-12-01,3.087,3.102,3.102,3.079,1145602,370453373.0,510880,,,,,,,
2025-12-02,3.101,3.106,3.107,3.093,983408,319016055.0,510880,,,,,,,
2025-12-03,3.103,3.098,3.121,3.093,946568,307606155.0,510880,,,,,,,
2025-12-04,3.095,3.085,3.105,3.081,850259,274815447.0,510880,,,,,,,
2025-12-05,3.084,3.083,3.087,3.063,1072889,345204617.0,510880,,,,,,,
2025-12-08,3.082,3.067,3.084,3.05,1959975,628441255.0,510880,,,,,,,
2025-12-09,3.06,3.041,3.061,3.038,1437445,458517490.0,510880,,,,,,,
2025-12-10,3.043,3.028,3.048,3.017,1508703,478269249.0,510880,,,,,,,
2025-12-11,3.028,3.012,3.031,3.002,1835372,579234276.0,510880,,,,,,,
2025-12-12,3.012,2.999,3.016,2.992,1801222,565760514.0,510880,,,,,,,
2025-12-15,3.0,3.025,3.032,2.99,1476489,467091226.0,510880,,,,,,,
2025-12-16,3.024,2.997,3.024,2.992,2185813,686949710.0,510880,,,,,,,
2025-12-17,2.993,3.0,3.011,2.981,1579985,495539898.0,510880,,,,,,,
2025-12-18,3.0,3.032,3.037,2.997,1622481,513315654.0,510880,,,,,,,
2025-12-19,3.032,3.031,3.04,3.016,1276725,404755029.0,510880,,,,,,,
2025-12-22,3.031,3.016,3.031,3.012,1504320,475517527.0,510880,,,,,,,
2025-12-23,3.015,3.017,3.03,3.012,1218230,385373319.0,510880,,,,,,,
2025-12-24,3.017,3.022,3.023,3.003,1271334,401114744.0,510880,,,,,,,
2025-12-25,3.022,3.031,3.034,3.02,1127728,357444737.0,510880,,,,,,,
2025-12-26,3.027,3.044,3.044,3.024,1214765,386249074.0,510880,,,,,,,
2025-12-29,3.044,3.042,3.057,3.029,1552065,494659817.0,510880,,,,,,,
2025-12-30,3.036,3.045,3.051,3.028,1374696,437951361.0,510880,,,,,,,
2025-12-31,3.045,3.04,3.051,3.032,1058800,337059439.0,510880,,,,,,,
2026-01-05,3.04,3.037,3.05,3.027,1607098,510847599.0,510880,,,,,,,
2026-01-06,3.037,3.075,3.076,3.029,2122084,677876074.0,510880,,,,,,,
2026-01-07,3.075,3.089,3.089,3.059,1453188,467902780.0,510880,,,,,,,
2026-01-08,3.087,3.078,3.088,3.07,1090211,351116569.0,510880,,,,,,,
2026-01-09,3.078,3.091,3.092,3.073,1217501,392760656.0,510880,,,,,,,
2026-01-12,3.09,3.088,3.094,3.071,1424054,459145758.0,510880,,,,,,,
2026-01-13,3.085,3.086,3.102,3.081,1411420,456857959.0,510880,,,,,,,
2026-01-14,3.085,3.056,3.093,3.054,1944569,625541707.0,510880,,,,,,,
2026-01-15,3.056,3.045,3.066,3.04,1533200,490206980.0,510880,,,,,,,
2026-01-16,3.046,3.02,3.057,3.012,2546637,808039637.0,510880,,,,,,,
2026-01-19,3.02,3.036,3.037,3.011,1692457,536333533.0,510880,,,,,,,
2026-01-20,3.037,3.074,3.075,3.032,1943691,621283721.0,510880,,,,,,,
2026-01-21,3.078,3.057,3.079,3.052,3018778,923943262.0,510880,,,,,,,
2026-01-22,3.059,3.077,3.08,3.055,1558018,478674278.0,510880,,,,,,,
2026-01-23,3.081,3.069,3.082,3.059,1611766,494701122.0,510880,,,,,,,
2026-01-26,3.069,3.106,3.109,3.064,2118313,654976910.0,510880,,,,,,,
2026-01-27,3.106,3.081,3.113,3.075,2602109,804341780.0,510880,,,,,,,
2026-01-28,3.082,3.132,3.148,3.072,3298950,1028739544.0,510880,,,,,,,
2026-01-29,3.134,3.166,3.168,3.12,2256031,709880740.0,510880,,,,,,,
2026-01-30,3.165,3.144,3.196,3.124,2645934,834801090.0,510880,,,,,,,
2026-02-02,3.137,3.046,3.138,3.042,4010476,1235729327.0,510880,,,,,,,
2026-02-03,3.049,3.051,3.064,3.028,2379582,724610538.0,510880,,,,,,,
2026-02-04,3.056,3.15,3.153,3.056,4374666,1363521066.0,510880,,,,,,,
2026-02-05,3.132,3.136,3.143,3.112,1492115,466573398.0,510880,,,,,,,
2026-02-06,3.11,3.126,3.141,3.1,1513444,472796203.0,510880,,,,,,,
2026-02-09,3.126,3.144,3.146,3.125,931810,292349656.0,510880,,,,,,,
2026-02-10,3.144,3.156,3.16,3.132,1188537,374162405.0,510880,,,,,,,
2026-02-11,3.153,3.183,3.192,3.143,2247075,713970108.0,510880,,,,,,,
2026-02-12,3.185,3.18,3.198,3.169,1420123,452049042.0,510880,,,,,,,
2026-02-13,3.17,3.137,3.175,3.134,1489833,469202890.0,510880,,,,,,,
2025-01-21,111.103,111.117,111.123,111.103,865135,9612703158.0,511360,,,,,,,
2025-01-22,111.12,111.113,111.136,111.11,839825,9332710682.0,511360,,,,,,,
2025-01-23,111.124,111.111,111.124,111.106,684324,7603745175.0,511360,,,,,,,
2025-01-24,111.106,111.1,111.106,111.082,504561,5605260849.0,511360,,,,,,,
2025-01-27,111.154,111.165,111.169,111.148,1064314,11830657960.0,511360,,,,,,,
2025-02-05,111.206,111.204,111.21,111.201,1100111,12233601149.0,511360,,,,,,,
2025-02-06,111.21,111.212,111.216,111.206,1091887,12142999737.0,511360,,,,,,,
2025-02-07,111.232,111.241,111.244,111.232,874121,9723453207.0,511360,,,,,,,
2025-02-10,111.25,111.247,111.252,111.246,1169511,13010721725.0,511360,,,,,,,
2025-02-11,111.256,111.262,111.263,111.255,611991,6808953732.0,511360,,,,,,,
2025-02-12,111.256,111.259,111.261,111.254,719591,8006074054.0,511360,,,,,,,
2025-02-13,111.259,111.256,111.262,111.255,968143,10771451536.0,511360,,,,,,,
2025-02-14,111.267,111.264,111.269,111.255,657581,7316542767.0,511360,,,,,,,
2025-02-17,111.258,111.252,111.26,111.251,752685,8374049045.0,511360,,,,,,,
2025-02-18,111.25,111.228,111.251,111.223,724977,8064568159.0,511360,,,,,,,
2025-02-19,111.236,111.23,111.239,111.226,644179,7165217387.0,511360,,,,,,,
2025-02-20,111.23,111.208,111.23,111.205,760842,8462001182.0,511360,,,,,,,
2025-02-21,111.225,111.213,111.228,111.208,460879,5125744673.0,511360,,,,,,,
2025-02-24,111.208,111.214,111.219,111.208,653492,7267759456.0,511360,,,,,,,
2025-02-25,111.222,111.219,111.228,111.209,859598,9560350628.0,511360,,,,,,,
2025-02-26,111.222,111.217,111.222,111.214,441005,4904778575.0,511360,,,,,,,
2025-02-27,111.216,111.199,111.218,111.194,382955,4258735956.0,511360,,,,,,,
2025-02-28,111.212,111.237,111.24,111.212,522073,5806500320.0,511360,,,,,,,
2025-03-03,111.235,111.244,111.245,111.233,448623,4990328227.0,511360,,,,,,,
2025-03-04,111.255,111.263,111.264,111.255,416702,4636170359.0,511360,,,,,,,
2025-03-05,111.274,111.292,111.293,111.274,443336,4933502707.0,511360,,,,,,,
2025-03-06,111.285,111.276,111.288,111.272,529196,5888769248.0,511360,,,,,,,
2025-03-07,111.29,111.283,111.291,111.273,719603,8007907932.0,511360,,,,,,,
2025-03-10,111.283,111.286,111.291,111.282,472555,5258927862.0,511360,,,,,,,
2025-03-11,111.3,111.291,111.302,111.289,567076,6311226183.0,511360,,,,,,,
2025-03-12,111.295,111.295,111.297,111.292,469506,5225329121.0,511360,,,,,,,
2025-03-13,111.306,111.31,111.311,111.302,472836,5262987256.0,511360,,,,,,,
2025-03-14,111.333,111.329,111.335,111.319,505548,5628139133.0,511360,,,,,,,
2025-03-17,111.32,111.321,111.324,111.312,478691,5328704098.0,511360,,,,,,,
2025-03-18,111.318,111.348,111.351,111.315,668827,7446618047.0,511360,,,,,,,
2025-03-19,111.356,111.367,111.37,111.351,410334,4569598807.0,511360,,,,,,,
2025-03-20,111.38,111.394,111.4,111.378,359025,3999089474.0,511360,,,,,,,
2025-03-21,111.402,111.453,111.468,111.401,339611,3783785982.0,511360,,,,,,,
2025-03-24,111.432,111.424,111.44,111.413,374670,4174927463.0,511360,,,,,,,
2025-03-25,111.426,111.44,111.443,111.426,350222,3902613331.0,511360,,,,,,,
2025-03-26,111.445,111.44,111.451,111.436,446719,4978313210.0,511360,,,,,,,
2025-03-27,111.448,111.447,111.452,111.441,458845,5113621981.0,511360,,,,,,,
2025-03-28,111.46,111.459,111.463,111.451,369761,4121324107.0,511360,,,,,,,
2025-03-31,111.466,111.467,111.47,111.461,332350,3704550208.0,511360,,,,,,,
2025-04-01,111.472,111.48,111.482,111.472,483737,5392516678.0,511360,,,,,,,
2025-04-02,111.486,111.497,111.504,111.484,581699,6485501573.0,511360,,,,,,,
2025-04-03,111.519,111.535,111.537,111.513,759159,8466325552.0,511360,,,,,,,
2025-04-07,111.541,111.551,111.554,111.541,616246,6874149556.0,511360,,,,,,,
2025-04-08,111.55,111.555,111.556,111.549,492347,5492257307.0,511360,,,,,,,
2025-04-09,111.562,111.562,111.565,111.558,667309,7444537344.0,511360,,,,,,,
2025-04-10,111.555,111.567,111.57,111.553,665046,7419198896.0,511360,,,,,,,
2025-04-11,111.585,111.585,111.589,111.58,671726,7495465406.0,511360,,,,,,,
2025-04-14,111.592,111.594,111.596,111.589,754665,8421458360.0,511360,,,,,,,
2025-04-15,111.599,111.603,111.605,111.598,779615,8700720367.0,511360,,,,,,,
2025-04-16,111.607,111.602,111.61,111.601,749174,8361158746.0,511360,,,,,,,
2025-04-17,111.604,111.596,111.608,111.595,552298,6163792283.0,511360,,,,,,,
2025-04-18,111.611,111.613,111.614,111.61,456409,5094107125.0,511360,,,,,,,
2025-04-21,111.619,111.619,111.623,111.616,529846,5914164864.0,511360,,,,,,,
2025-04-22,111.626,111.625,111.626,111.622,636474,7104568835.0,511360,,,,,,,
2025-04-23,111.624,111.628,111.632,111.622,562268,6276407973.0,511360,,,,,,,
2025-04-24,111.634,111.639,111.639,111.634,439206,4903134020.0,511360,,,,,,,
2025-04-25,111.647,111.648,111.649,111.641,611304,6824955087.0,511360,,,,,,,
2025-04-28,111.643,111.647,111.653,111.641,937071,10461920761.0,511360,,,,,,,
2025-04-29,111.658,111.667,111.67,111.657,620559,6929253461.0,511360,,,,,,,
2025-04-30,111.695,111.706,111.707,111.688,1217960,13604172438.0,511360,,,,,,,
2025-05-06,111.703,111.7,111.704,111.7,760741,8497546565.0,511360,,,,,,,
2025-05-07,111.701,111.706,111.709,111.7,734728,8207316250.0,511360,,,,,,,
2025-05-08,111.715,111.724,111.727,111.715,712591,7961140642.0,511360,,,,,,,
2025-05-09,111.743,111.744,111.747,111.742,858765,9596161429.0,511360,,,,,,,
2025-05-12,111.756,111.756,111.757,111.752,670699,7495356407.0,511360,,,,,,,
2025-05-13,111.76,111.761,111.762,111.755,793259,8865412775.0,511360,,,,,,,
2025-05-14,111.771,111.78,111.78,111.77,850121,9502161448.0,511360,,,,,,,
2025-05-15,111.782,111.785,111.789,111.782,1319387,14748918223.0,511360,,,,,,,
2025-05-16,111.796,111.786,111.798,111.783,1198477,13397875698.0,511360,,,,,,,
2025-05-19,111.796,111.798,111.799,111.794,755482,8445984574.0,511360,,,,,,,
2025-05-20,111.803,111.801,111.807,111.798,529251,5917299008.0,511360,,,,,,,
2025-05-21,111.812,111.812,111.812,111.809,602403,6735508149.0,511360,,,,,,,
2025-05-22,111.811,111.806,111.813,111.805,656159,7336534840.0,511360,,,,,,,
2025-05-23,111.817,111.818,111.822,111.817,539296,6030311010.0,511360,,,,,,,
2025-05-26,111.817,111.808,111.817,111.803,793082,8867588616.0,511360,,,,,,,
2025-05-27,111.811,111.814,111.815,111.807,1037822,11603920615.0,511360,,,,,,,
2025-05-28,111.82,111.822,111.824,111.82,307068,3433698649.0,511360,,,,,,,
2025-05-29,111.828,111.828,111.83,111.825,685788,7669041309.0,511360,,,,,,,
2025-05-30,111.84,111.847,111.848,111.837,1025799,11472731230.0,511360,,,,,,,
2025-06-03,111.854,111.857,111.858,111.852,608676,6808332274.0,511360,,,,,,,
2025-06-04,111.859,111.861,111.862,111.858,589330,6592237872.0,511360,,,,,,,
2025-06-05,111.863,111.862,111.864,111.86,564113,6310295528.0,511360,,,,,,,
2025-06-06,111.872,111.872,111.873,111.87,881424,9860611695.0,511360,,,,,,,
2025-06-09,111.874,111.878,111.878,111.874,689654,7715563940.0,511360,,,,,,,
2025-06-10,111.883,111.882,111.884,111.879,1077225,12052146352.0,511360,,,,,,,
2025-06-11,111.887,111.888,111.891,111.883,1036257,11594367413.0,511360,,,,,,,
2025-06-12,111.889,111.89,111.893,111.888,935964,10472512370.0,511360,,,,,,,
2025-06-13,111.904,111.905,111.907,111.903,1266862,14176741457.0,511360,,,,,,,
2025-06-16,111.904,111.905,111.906,111.901,1524893,17063982630.0,511360,,,,,,,
2025-06-17,111.906,111.91,111.912,111.905,1579367,17674636665.0,511360,,,,,,,
2025-06-18,111.92,111.922,111.924,111.919,999775,11189632700.0,511360,,,,,,,
2025-06-19,111.932,111.937,111.942,111.932,1742425,19503956227.0,511360,,,,,,,
2025-06-20,111.949,111.945,111.95,111.943,1689970,18918375566.0,511360,,,,,,,
2025-06-23,111.948,111.945,111.949,111.945,721562,8077629654.0,511360,,,,,,,
2025-06-24,111.949,111.945,111.95,111.939,1203992,13478031022.0,511360,,,,,,,
2025-06-25,111.946,111.938,111.951,111.936,1429069,15997814914.0,511360,,,,,,,
2025-06-26,111.944,111.939,111.948,111.936,1209683,13541462938.0,511360,,,,,,,
2025-06-27,111.953,111.949,111.957,111.946,998535,11178889335.0,511360,,,,,,,
2025-06-30,111.967,111.969,111.97,111.965,1319487,14773967116.0,511360,,,,,,,
2025-07-01,111.984,111.988,111.989,111.983,1206868,13515271375.0,511360,,,,,,,
2025-07-02,111.996,112.005,112.006,111.995,1137261,12737230974.0,511360,,,,,,,
2025-07-03,112.011,112.013,112.014,112.01,924748,10358302401.0,511360,,,,,,,
2025-07-04,112.028,112.032,112.037,112.028,1750749,19613907444.0,511360,,,,,,,
2025-07-07,112.031,112.027,112.032,112.026,1303608,14604018363.0,511360,,,,,,,
2025-07-08,112.031,112.042,112.043,112.03,1299890,14563313313.0,511360,,,,,,,
2025-07-09,112.04,112.056,112.064,112.039,1018578,11413108154.0,511360,,,,,,,
2025-07-10,112.06,112.061,112.063,112.057,909498,10191893158.0,511360,,,,,,,
2025-07-11,112.064,112.059,112.065,112.046,1393878,15619703641.0,511360,,,,,,,
2025-07-14,112.056,112.054,112.056,112.047,998720,11190818207.0,511360,,,,,,,
2025-07-15,112.058,112.071,112.073,112.058,1247371,13978553496.0,511360,,,,,,,
2025-07-16,112.073,112.08,112.084,112.073,1387980,15556162827.0,511360,,,,,,,
2025-07-17,112.088,112.088,112.09,112.082,1491384,16716409523.0,511360,,,,,,,
2025-07-18,112.094,112.094,112.096,112.092,1209699,13559892265.0,511360,,,,,,,
2025-07-21,112.09,112.088,112.091,112.086,1802419,20202942092.0,511360,,,,,,,
2025-07-22,112.088,112.087,112.093,112.085,1897568,21269675296.0,511360,,,,,,,
2025-07-23,112.089,112.089,112.094,112.088,996351,11168317727.0,511360,,,,,,,
2025-07-24,112.099,112.083,112.099,112.081,1099720,12327229703.0,511360,,,,,,,
2025-07-25,112.089,112.09,112.092,112.082,1327314,14877595393.0,511360,,,,,,,
2025-07-28,112.09,112.095,112.096,112.088,3025669,33915475291.0,511360,,,,,,,
2025-07-29,112.096,112.094,112.102,112.093,2886277,32354808166.0,511360,,,,,,,
2025-07-30,112.099,112.101,112.103,112.095,1812288,20315790788.0,511360,,,,,,,
2025-07-31,112.112,112.126,112.128,112.11,2833505,31768057468.0,511360,,,,,,,
2025-08-01,112.131,112.145,112.147,112.131,2367399,26547583939.0,511360,,,,,,,
2025-08-04,112.149,112.152,112.154,112.141,2233156,25044411075.0,511360,,,,,,,
2025-08-05,112.15,112.154,112.158,112.147,2007051,22509444103.0,511360,,,,,,,
2025-08-06,112.158,112.163,112.165,112.158,1784564,20016176867.0,511360,,,,,,,
2025-08-07,112.176,112.179,112.182,112.176,2209732,24788577994.0,511360,,,,,,,
2025-08-08,112.182,112.186,112.192,112.182,2301647,25821493614.0,511360,,,,,,,
2025-08-11,112.186,112.176,112.186,112.172,2016255,22618539520.0,511360,,,,,,,
2025-08-12,112.182,112.178,112.186,112.177,917564,10293347793.0,511360,,,,,,,
2025-08-13,112.184,112.19,112.192,112.184,2015614,22612468291.0,511360,,,,,,,
2025-08-14,112.192,112.201,112.202,112.191,2096068,23516664095.0,511360,,,,,,,
2025-08-15,112.219,112.212,112.219,112.206,3125217,35068633158.0,511360,,,,,,,
2025-08-18,112.214,112.183,112.214,112.18,2400021,26927521863.0,511360,,,,,,,
2025-08-19,112.19,112.167,112.19,112.16,2152237,24142106454.0,511360,,,,,,,
2025-08-20,112.18,112.193,112.194,112.172,2109078,23661152914.0,511360,,,,,,,
2025-08-21,112.213,112.221,112.222,112.21,2869666,32202338741.0,511360,,,,,,,
2025-08-22,112.223,112.219,112.234,112.216,1878106,21077685086.0,511360,,,,,,,
2025-08-25,112.218,112.231,112.235,112.217,3054751,34281613960.0,511360,,,,,,,
2025-08-26,112.231,112.248,112.253,112.23,2317762,26014064782.0,511360,,,,,,,
2025-08-27,112.249,112.259,112.262,112.246,2780798,31214934057.0,511360,,,,,,,
2025-08-28,112.26,112.258,112.264,112.25,2858895,32093407295.0,511360,,,,,,,
2025-08-29,112.267,112.27,112.274,112.265,4743754,53256592296.0,511360,,,,,,,
2025-09-01,112.277,112.284,112.285,112.276,3215383,36102841133.0,511360,,,,,,,
2025-09-02,112.287,112.286,112.293,112.284,3302985,37088424463.0,511360,,,,,,,
2025-09-03,112.287,112.29,112.292,112.287,3303423,37093900388.0,511360,,,,,,,
2025-09-04,112.289,112.292,112.294,112.277,2670625,29988107356.0,511360,,,,,,,
2025-09-05,112.298,112.286,112.302,112.281,2737292,30739189957.0,511360,,,,,,,
2025-09-08,112.289,112.284,112.29,112.281,3290961,36952420677.0,511360,,,,,,,
2025-09-09,112.284,112.284,112.287,112.279,3263671,36645543405.0,511360,,,,,,,
2025-09-10,112.289,112.287,112.292,112.28,2021563,22699777185.0,511360,,,,,,,
2025-09-11,112.303,112.303,112.306,112.293,3338569,37492559750.0,511360,,,,,,,
2025-09-12,112.306,112.313,112.313,112.306,3499891,39307531990.0,511360,,,,,,,
2025-09-15,112.313,112.313,112.316,112.31,2956418,33204227995.0,511360,,,,,,,
2025-09-16,112.315,112.311,112.315,112.306,3531539,39663355922.0,511360,,,,,,,
2025-09-17,112.318,112.329,112.33,112.318,2768847,31100892586.0,511360,,,,,,,
2025-09-18,112.341,112.344,112.346,112.339,3567538,40078493637.0,511360,,,,,,,
2025-09-19,112.344,112.347,112.35,112.338,2920018,32804914508.0,511360,,,,,,,
2025-09-22,112.348,112.346,112.35,112.341,3186075,35794562477.0,511360,,,,,,,
2025-09-23,112.347,112.346,112.349,112.341,3042658,34183177213.0,511360,,,,,,,
2025-09-24,112.346,112.34,112.348,112.338,2746811,30858871103.0,511360,,,,,,,
2025-09-25,112.345,112.331,112.345,112.309,1974497,22180237543.0,511360,,,,,,,
2025-09-26,112.355,112.361,112.363,112.352,3549898,39885293478.0,511360,,,,,,,
2025-09-29,112.368,112.37,112.373,112.358,2309648,25952426412.0,511360,,,,,,,
2025-09-30,112.408,112.426,112.427,112.392,3195303,35918604757.0,511360,,,,,,,
2025-10-09,112.426,112.419,112.43,112.417,2186184,24577039023.0,511360,,,,,,,
2025-10-10,112.436,112.443,112.444,112.435,3576478,40213021946.0,511360,,,,,,,
2025-10-13,112.445,112.45,112.451,112.443,3320196,37334456858.0,511360,,,,,,,
2025-10-14,112.446,112.444,112.45,112.441,4056109,45609255331.0,511360,,,,,,,
2025-10-15,112.44,112.445,112.446,112.437,4063039,45685649869.0,511360,,,,,,,
2025-10-16,112.458,112.469,112.469,112.457,2849657,32048469413.0,511360,,,,,,,
2025-10-17,112.484,112.493,112.494,112.483,4268627,48016752566.0,511360,,,,,,,
2025-10-20,112.491,112.497,112.498,112.489,3368141,37890211204.0,511360,,,,,,,
2025-10-21,112.493,112.495,112.501,112.491,3415169,38419257464.0,511360,,,,,,,
2025-10-22,112.494,112.506,112.507,112.494,3444215,38746919776.0,511360,,,,,,,
2025-10-23,112.509,112.512,112.515,112.509,2710845,30500298587.0,511360,,,,,,,
2025-10-24,112.518,112.52,112.522,112.516,3525966,39673713001.0,511360,,,,,,,
2025-10-27,112.519,112.518,112.522,112.517,3243702,36497860013.0,511360,,,,,,,
2025-10-28,112.52,112.527,112.528,112.52,3944885,44389021924.0,511360,,,,,,,
2025-10-29,112.535,112.536,112.538,112.531,2959672,33306637398.0,511360,,,,,,,
2025-10-30,112.547,112.549,112.554,112.546,3311834,37274639344.0,511360,,,,,,,
2025-10-31,112.556,112.56,112.562,112.555,3585298,40355706651.0,511360,,,,,,,
2025-11-03,112.561,112.56,112.562,112.553,3336623,37555930408.0,511360,,,,,,,
2025-11-04,112.568,112.573,112.574,112.566,2875308,32367008399.0,511360,,,,,,,
2025-11-05,112.579,112.588,112.59,112.576,2595323,29218142855.0,511360,,,,,,,
2025-11-06,112.589,112.592,112.592,112.586,2790084,31412837671.0,511360,,,,,,,
2025-11-07,112.596,112.591,112.599,112.587,3478854,39170399242.0,511360,,,,,,,
2025-11-10,112.59,112.588,112.592,112.586,3338482,37587968293.0,511360,,,,,,,
2025-11-11,112.589,112.579,112.59,112.575,3289782,37038677821.0,511360,,,,,,,
2025-11-12,112.593,112.598,112.599,112.587,2916406,32836824728.0,511360,,,,,,,
2025-11-13,112.611,112.61,112.612,112.608,1472976,16587216949.0,511360,,,,,,,
2025-11-14,112.619,112.624,112.625,112.618,1757802,19796788965.0,511360,,,,,,,
2025-11-17,112.619,112.619,112.624,112.615,2156812,24290169035.0,511360,,,,,,,
2025-11-18,112.621,112.631,112.632,112.621,1651274,18597364811.0,511360,,,,,,,
2025-11-19,112.636,112.64,112.641,112.635,1341029,15104969524.0,511360,,,,,,,
2025-11-20,112.644,112.649,112.649,112.643,1707582,19235273987.0,511360,,,,,,,
2025-11-21,112.657,112.648,112.657,112.644,1755014,19770552429.0,511360,,,,,,,
2025-11-24,112.655,112.654,112.657,112.651,1489879,16784202599.0,511360,,,,,,,
2025-11-25,112.66,112.663,112.664,112.658,1494283,16834710002.0,511360,,,,,,,
2025-11-26,112.667,112.667,112.669,112.666,2094432,23597527225.0,511360,,,,,,,
2025-11-27,112.667,112.665,112.668,112.661,2533720,28546110953.0,511360,,,,,,,
2025-11-28,112.674,112.673,112.677,112.668,2599266,29286699915.0,511360,,,,,,,
2025-12-01,112.677,112.678,112.678,112.674,1860289,20960947065.0,511360,,,,,,,
2025-12-02,112.684,112.684,112.685,112.682,1325641,14937788113.0,511360,,,,,,,
2025-12-03,112.689,112.691,112.692,112.688,1206321,13594121734.0,511360,,,,,,,
2025-12-04,112.694,112.686,112.695,112.643,1749558,19715971583.0,511360,,,,,,,
2025-12-05,112.693,112.693,112.698,112.686,3044695,34311814574.0,511360,,,,,,,
2025-12-08,112.696,112.697,112.7,112.695,3755618,42324469225.0,511360,,,,,,,
2025-12-09,112.705,112.704,112.706,112.702,1997707,22514848277.0,511360,,,,,,,
2025-12-10,112.708,112.707,112.711,112.706,3558922,40111729190.0,511360,,,,,,,
2025-12-11,112.711,112.708,112.712,112.7,2852639,32152022020.0,511360,,,,,,,
2025-12-12,112.717,112.708,112.718,112.707,1938034,21844236862.0,511360,,,,,,,
2025-12-15,112.706,112.708,112.713,112.705,2920350,32914911427.0,511360,,,,,,,
2025-12-16,112.715,112.721,112.722,112.714,2896113,32644023334.0,511360,,,,,,,
2025-12-17,112.723,112.722,112.728,112.715,1571729,17717035394.0,511360,,,,,,,
2025-12-18,112.735,112.735,112.737,112.731,1498867,16897262822.0,511360,,,,,,,
2025-12-19,112.746,112.74,112.746,112.734,1626541,18337904050.0,511360,,,,,,,
2025-12-22,112.744,112.744,112.746,112.738,3108973,35051103662.0,511360,,,,,,,
2025-12-23,112.747,112.751,112.755,112.745,3737847,42143455104.0,511360,,,,,,,
2025-12-24,112.757,112.767,112.768,112.756,1969222,22204872008.0,511360,,,,,,,
2025-12-25,112.776,112.774,112.777,112.773,2016113,22736804817.0,511360,,,,,,,
2025-12-26,112.786,112.781,112.787,112.779,1865741,21042280643.0,511360,,,,,,,
2025-12-29,112.786,112.788,112.79,112.783,2223055,25072923012.0,511360,,,,,,,
2025-12-30,112.789,112.8,112.802,112.785,1821481,20544560303.0,511360,,,,,,,
2025-12-31,112.83,112.835,112.838,112.829,2353843,26559574457.0,511360,,,,,,,
2026-01-05,112.833,112.827,112.834,112.824,2831504,31947615885.0,511360,,,,,,,
2026-01-06,112.83,112.818,112.832,112.815,2771306,31267758360.0,511360,,,,,,,
2026-01-07,112.828,112.837,112.842,112.815,2141291,24161034691.0,511360,,,,,,,
2026-01-08,112.848,112.861,112.862,112.846,3337835,37667685909.0,511360,,,,,,,
2026-01-09,112.856,112.861,112.869,112.856,2121776,23946979806.0,511360,,,,,,,
2026-01-12,112.858,112.87,112.872,112.853,1325063,14954175881.0,511360,,,,,,,
2026-01-13,112.867,112.877,112.878,112.866,1672870,18882129197.0,511360,,,,,,,
2026-01-14,112.877,112.886,112.887,112.874,1743635,19681961151.0,511360,,,,,,,
2026-01-15,112.882,112.889,112.89,112.882,2996107,33822360202.0,511360,,,,,,,
2026-01-16,112.893,112.902,112.903,112.891,2763189,31196027422.0,511360,,,,,,,
2026-01-19,112.9,112.899,112.9,112.895,4144403,46789395841.0,511360,,,,,,,
2026-01-20,112.9,112.91,112.911,112.899,3931059,44383239347.0,511360,,,,,,,
2026-01-21,112.911,112.912,112.916,112.906,4443765,50174957535.0,511360,,,,,,,
2026-01-22,112.918,112.917,112.924,112.909,3917123,44232214408.0,511360,,,,,,,
2026-01-23,112.931,112.935,112.94,112.93,5010322,56584122008.0,511360,,,,,,,
2026-01-26,112.945,112.946,112.952,112.942,4689504,52966239310.0,511360,,,,,,,
2026-01-27,112.951,112.958,112.963,112.95,4548509,51376943317.0,511360,,,,,,,
2026-01-28,112.955,112.954,112.971,112.952,4287623,48431502370.0,511360,,,,,,,
2026-01-29,112.958,112.955,112.961,112.948,3313395,37426642673.0,511360,,,,,,,
2026-01-30,112.961,112.967,112.971,112.956,4045135,45694046914.0,511360,,,,,,,
2026-02-02,112.961,112.974,112.976,112.961,5273217,59568343788.0,511360,,,,,,,
2026-02-03,112.973,112.974,112.981,112.967,3912451,44199598956.0,511360,,,,,,,
2026-02-04,112.979,112.99,112.993,112.977,3559487,40216072515.0,511360,,,,,,,
2026-02-05,112.99,112.989,112.993,112.985,4410272,49831910393.0,511360,,,,,,,
2026-02-06,112.998,112.997,112.999,112.992,5488472,62017614354.0,511360,,,,,,,
2026-02-09,112.998,112.996,113.0,112.994,4666824,52733996694.0,511360,,,,,,,
2026-02-10,113.002,113.006,113.007,112.998,4394554,49659252461.0,511360,,,,,,,
2026-02-11,113.01,113.019,113.023,113.01,5593671,63216724262.0,511360,,,,,,,
2026-02-12,113.033,113.04,113.042,113.026,4693439,53050131586.0,511360,,,,,,,
2026-02-13,113.054,113.08,113.083,113.054,3472980,39267894400.0,511360,,,,,,,
